-- inserting user 
INSERT INTO Users (USER_ID, FIRST_NAME, LAST_NAME, EMAIL, PASSWORD, BIRTHDAY, ROLE)
VALUES (1, 'Volha', 'Shautsova', 'Volha_Shautsova@epam.com', '$2a$10$Eam45XDXt0B6LXzmRMbb3.hsZa9crobKLvaHukhUHnsPEQEArUote', '1995-09-28', 'REGISTERED_USER');
-- password is volha

INSERT INTO Users (USER_ID, FIRST_NAME, LAST_NAME, EMAIL, PASSWORD, BIRTHDAY, ROLE)
VALUES (2, 'Olga', 'Shevtsova', 'olgamexmat@gmail.com', '$2a$10$kRmnTLEZyP0rgJLYNVhsOuiPWGpdXCw06nhhvTMmi4lJTLOnp.mfe', '1995-09-28', 'REGISTERED_USER');
-- password is pass

INSERT INTO Users (USER_ID, FIRST_NAME, LAST_NAME, EMAIL, PASSWORD, BIRTHDAY, ROLE)
VALUES (3, 'Ivan', 'Ivanov', 'ivan@gmail.com', '$2a$10$QqUA1/6g/iMx3UVjVDrmvOM1y2CGQWwWUOC6Q5hijt7K23lE0UdC.', '1990-08-10', 'REGISTERED_USER,BOOKING_MANAGER');
-- password is ivan

-- inserting user's accounts
INSERT INTO UserAccount (ACCOUNT_ID, USER_ID, CASH) VALUES (1, 1, 200);
INSERT INTO UserAccount (ACCOUNT_ID, USER_ID, CASH) VALUES (2, 2, 20);
INSERT INTO UserAccount (ACCOUNT_ID, USER_ID, CASH) VALUES (3, 3, 10);

-- inserting air dates
INSERT INTO Air_Date (AIR_DATE_ID, AIR_DATE) VALUES (1, '2016-09-10');
INSERT INTO Air_Date (AIR_DATE_ID, AIR_DATE) VALUES (2, '2017-02-01');
INSERT INTO Air_Date (AIR_DATE_ID, AIR_DATE) VALUES (3, '2016-11-21');

-- inserting events
INSERT INTO EVENT (EVENT_ID, EVENT_NAME, BASE_PRICE, RATING) VALUES (1, 'Roof Party', 1.2, 'MID');
INSERT INTO EVENT (EVENT_ID, EVENT_NAME, BASE_PRICE, RATING) VALUES (2, 'Linda concert', 20, 'HIGH');
INSERT INTO EVENT (EVENT_ID, EVENT_NAME, BASE_PRICE, RATING) VALUES (3, 'Jazz evenings', 1, 'HIGH');
INSERT INTO EVENT (EVENT_ID, EVENT_NAME, BASE_PRICE, RATING) VALUES (4, 'Hokey 2017', 50, 'LOW');

-- inserting tickets
INSERT INTO TICKET (TICKET_ID, TICKET_DATE, SEAT, USER_ID, EVENT_ID) VALUES (1, '2016-09-10', 5, 1, 1);
INSERT INTO TICKET (TICKET_ID, TICKET_DATE, SEAT, USER_ID, EVENT_ID) VALUES (2, '2017-02-01', 7, 3, 1);
INSERT INTO TICKET (TICKET_ID, TICKET_DATE, SEAT, USER_ID, EVENT_ID) VALUES (3, '2017-02-01', 10, 1, 2);
INSERT INTO TICKET (TICKET_ID, TICKET_DATE, SEAT, USER_ID, EVENT_ID) VALUES (4, '2016-11-21', 1, 2, 3);

-- linking events and dates
INSERT INTO EVENT_DATE (EVENT_ID, AIR_DATE_ID) VALUES (1, 1);
INSERT INTO EVENT_DATE (EVENT_ID, AIR_DATE_ID) VALUES (1, 2);
INSERT INTO EVENT_DATE (EVENT_ID, AIR_DATE_ID) VALUES (2, 2);
INSERT INTO EVENT_DATE (EVENT_ID, AIR_DATE_ID) VALUES (3, 3);

-- inserting auditorium
INSERT INTO AUDITORIUM (AUDITORIUM_ID, AUDITORIUM_NAME, VIP_SEATS, AMOUNT_OF_SEATS)
VALUES (1, 'Queen', ARRAY[1, 2, 3, 4, 5], 20);
INSERT INTO AUDITORIUM (AUDITORIUM_ID, AUDITORIUM_NAME, VIP_SEATS, AMOUNT_OF_SEATS)
VALUES (2, 'Royal Palace', ARRAY[5, 8, 11], 100);

-- linking auditoriums and events
INSERT INTO AUDITORIUM_EVENT (EVENT_ID, AUDITORIUM_ID) VALUES (1, 1);
INSERT INTO AUDITORIUM_EVENT (EVENT_ID, AUDITORIUM_ID) VALUES (2, 2);
INSERT INTO AUDITORIUM_EVENT (EVENT_ID, AUDITORIUM_ID) VALUES (3, 1);
INSERT INTO AUDITORIUM_EVENT (EVENT_ID, AUDITORIUM_ID) VALUES (3, 2);
INSERT INTO AUDITORIUM_EVENT (EVENT_ID, AUDITORIUM_ID) VALUES (4, 1);

-- inserting defaults counters
insert into COUNTER (COUNTER_ID, COUNTER_NAME) values (1, 'getEventByName');
insert into COUNTER (COUNTER_ID, COUNTER_NAME) values (2, 'priceQueried');
insert into COUNTER (COUNTER_ID, COUNTER_NAME) values (3, 'bookTicketForEvent');
insert into COUNTER (COUNTER_ID, COUNTER_NAME) values (4, 'getAllTotalDiscounts');

insert into COUNTER_EVENT (COUNTER_VALUE, COUNTER_ID, EVENT_ID) values (0, 1, 1);
insert into COUNTER_EVENT (COUNTER_VALUE, COUNTER_ID, EVENT_ID) values (0, 1, 2);
insert into COUNTER_EVENT (COUNTER_VALUE, COUNTER_ID, EVENT_ID) values (0, 1, 3);
insert into COUNTER_EVENT (COUNTER_VALUE, COUNTER_ID, EVENT_ID) values (0, 1, 4);
insert into COUNTER_EVENT (COUNTER_VALUE, COUNTER_ID, EVENT_ID) values (0, 2, 1);
insert into COUNTER_EVENT (COUNTER_VALUE, COUNTER_ID, EVENT_ID) values (0, 2, 2);
insert into COUNTER_EVENT (COUNTER_VALUE, COUNTER_ID, EVENT_ID) values (0, 2, 3);
insert into COUNTER_EVENT (COUNTER_VALUE, COUNTER_ID, EVENT_ID) values (0, 2, 4);
insert into COUNTER_EVENT (COUNTER_VALUE, COUNTER_ID, EVENT_ID) values (0, 3, 1);
insert into COUNTER_EVENT (COUNTER_VALUE, COUNTER_ID, EVENT_ID) values (0, 3, 2);
insert into COUNTER_EVENT (COUNTER_VALUE, COUNTER_ID, EVENT_ID) values (0, 3, 3);
insert into COUNTER_EVENT (COUNTER_VALUE, COUNTER_ID, EVENT_ID) values (0, 3, 4);

insert into DISCOUNT_COUNTER (DISCOUNT_COUNTER_VALUE, USER_ID, COUNTER_ID) values (0, 1, 4);
insert into DISCOUNT_COUNTER (DISCOUNT_COUNTER_VALUE, USER_ID, COUNTER_ID) values (0, 2, 4);
insert into DISCOUNT_COUNTER (DISCOUNT_COUNTER_VALUE, USER_ID, COUNTER_ID) values (0, 3, 4);



